{
  "msg": {
    "COMMENT": "IF YOU DECIDE TO USE CUSTOM EMOJIS, USE THE NAME AND THE ID IN MSG, EXAMPLE: ⬜ --> <:progressbar_left_filled:818558865268408341>",

    "info": "ℹ️",
    "settings": "⚙️",
    "ERROR" : "❌",
    "cancel" : "❌",
    "SUCCESS" : "✅",
    "list": "📑",
    "discord_robot" : "🤖",
    "roles": "👥",
    "threadchannel": "💬",
    "channel": "📢",
    "milratodev": "💻",
    "builder":"👷",
    "botflag": "🤖",
    "notes": "📝",
    "twitter": "🐦",
    "youtube": "🎥",
    "spotify": "🎧",
    "tiktok": "🎤",
    "twitch": "🎥",
    "soundcloud": "🎤",
    "automeme": "💬",
    "validcode": "💬",
    "loading": "<a:Loading:833101350623117342>",


    "kick": "🔨",
    "message": "💬",
    "DOWNVOTE": "👎",
    "UPVOTE": "👍",
    "warn": "🚫",
    "edit": "✏️",
    "title": "🗞",
    "disabled" : "❌",
    "enabled" : "✅",

    "progress_bar": {
      "leftindicator": "[",
      "rightindicator": "]",

      "emptyframe": "⬜",
      "filledframe": "🟧"
    },

    "playing": "🎶",
    "pruning": "💬",
    "equalizer": "🎚",
    "cleared": "🗑",
    "leave_on_empty": "🗣️",
    "time": "⌛",
    "premium": "💰",
    "song_by": "💯",
    "setup": "⚙️",
    "dj": "🎧",
    "bot": "🤖",
    "search": "🔎",
    "resume": "▶",
    "pause": "⏸",
    "lyrics": "📃",
    "disk": "📀",
    "ping": "🏓",

    "rewind": "⏪",
    "forward": "⏩",
    "pause_resume": "⏯️",
    "stop": "⏹️",
    "previous_track": "⏮️",
    "skip_track": "⏭️",
    "replay_track": "🔃",
    "reduce_volume": "🔉",
    "raise_volume": "🔊",
    "toggle_mute": "🔇",
    "repeat_mode": "🔄",
    "autoplay_mode": "♾",
    "shuffle": "🔀",
    "show_queue": "📑",
    "show_current_track": "🩸"
  },
  "react": {

    "COMMENT": "IF YOU DECIDE TO USE CUSTOM EMOJIS, USE JUST THE ID IN REACT, EXAMPLE: ⏪ --> 818558865268408341",

    "ERROR" : "833101993668771842",
    "SUCCESS" : "833101995723194437",


    "rewind": "⏪",
    "forward": "⏩",
    "pause_resume": "⏯️",
    "stop": "⏹️",
    "previous_track": "⏮️",
    "skip_track": "⏭️",
    "replay_track": "🔃",
    "reduce_volume": "🔉",
    "raise_volume": "🔊",
    "toggle_mute": "🔇",
    "repeat_mode": "🔄",
    "autoplay_mode": "♾",
    "shuffle": "🔀",
    "show_queue": "📑",
    "show_current_track": "🩸"
  },

  "numberEmojis": [
    "0️⃣",
    "1️⃣",
    "2️⃣",
    "3️⃣",
    "4️⃣",
    "5️⃣",
    "6️⃣",
    "7️⃣",
    "8️⃣",
    "9️⃣",
    "🔟"
  ],
  "exampleForNumberEmojisCustom": [
    "<:Number_0:843943149915078696>",
    "<:Number_1:843943149902626846>",
    "<:Number_2:843943149868023808>",
    "<:Number_3:843943149914554388>",
    "<:Number_4:843943149919535154>",
    "<:Number_5:843943149759889439>",
    "<:Number_6:843943150468857876>",
    "<:Number_7:843943150179713024>",
    "<:Number_8:843943150360068137>",
    "<:Number_9:843943150443036672>",
    "<:Number_10:843943150594031626>",
    "<:Number_11:893173642022748230>",
    "<:Number_12:893173642165383218>",
    "<:Number_13:893173642274410496>",
    "<:Number_14:893173642198921296>",
    "<:Number_15:893173642182139914>",
    "<:Number_16:893173642530271342>",
    "<:Number_17:893173642538647612>",
    "<:Number_18:893173642307977258>",
    "<:Number_19:893173642588991488>",
    "<:Number_20:893173642307977266>",
    "<:Number_21:893173642274430977>",
    "<:Number_22:893173642702250045>",
    "<:Number_23:893173642454773782>",
    "<:Number_24:893173642744201226>",
    "<:Number_25:893173642727424020>"
  ]

}
